{
    "P1": [
        [
            889.1517370866736,
            0.0,
            361.12811564754355,
            0.0
        ],
        [
            0.0,
            889.0929711510864,
            282.6163733317879,
            0.0
        ],
        [
            0.0,
            0.0,
            1.0,
            0.0
        ]
    ],
    "P2": [
        [
            374.63033057830626,
            -0.4445483932057832,
            885.3873978052663,
            -1224669.9625191027
        ],
        [
            -195.24191912854474,
            888.0704139303358,
            203.34415698996565,
            172775.94848923568
        ],
        [
            -0.6989766156563897,
            0.005567320835060859,
            0.7151228535743067,
            642.4202897981365
        ]
    ],
    "projection_error": 0.32333737729877765
}