{
    "P1": [
        [
            900.3816262687762,
            0.0,
            377.93003858399936,
            0.0
        ],
        [
            0.0,
            903.321931429363,
            284.63890410486374,
            0.0
        ],
        [
            0.0,
            0.0,
            1.0,
            0.0
        ]
    ],
    "P2": [
        [
            380.769792029595,
            -3.220843374596298,
            918.3716073804264,
            -582017.5120888391
        ],
        [
            -211.09749329690752,
            951.8018671383235,
            191.15247221883,
            120648.65595837399
        ],
        [
            -0.7510274888834292,
            0.002860233262959933,
            0.6602647423625859,
            475.24448858424876
        ]
    ],
    "projection_error": 1.0016963176541902
}