{
    "P1": [
        [
            876.1816688917269,
            0.0,
            360.6118527799295,
            0.0
        ],
        [
            0.0,
            876.502639009083,
            279.17986799523425,
            0.0
        ],
        [
            0.0,
            0.0,
            1.0,
            0.0
        ]
    ],
    "P2": [
        [
            554.2139144635188,
            46.428984350452694,
            782.0345942322224,
            -438271.5935544664
        ],
        [
            -203.481384544331,
            869.6526155625479,
            235.30950326744838,
            19324.717503557826
        ],
        [
            -0.5089597139488206,
            -0.022640332282747918,
            0.8604925478650362,
            106.04550772263282
        ]
    ],
    "projection_error": 45.739666194473905
}