{
    "P1": [
        [
            889.4333050223148,
            0.0,
            351.74145528549633,
            0.0
        ],
        [
            0.0,
            888.3989540465564,
            293.0243749344946,
            0.0
        ],
        [
            0.0,
            0.0,
            1.0,
            0.0
        ]
    ],
    "P2": [
        [
            953.6251191492938,
            -0.07940407894575774,
            -174.2677798714618,
            908553.1694895716
        ],
        [
            158.29518812463547,
            883.3939989340003,
            244.19890879798768,
            72196.78998415847
        ],
        [
            0.5568075897606823,
            -0.01188361890317674,
            0.8305564927123644,
            213.59426906882103
        ]
    ],
    "projection_error": 0.8306800138050598
}