{
    "P1": [
        [
            866.2071031490024,
            0.0,
            371.1576978060475,
            0.0
        ],
        [
            0.0,
            865.3954714849385,
            286.51398965481786,
            0.0
        ],
        [
            0.0,
            0.0,
            1.0,
            0.0
        ]
    ],
    "P2": [
        [
            951.8872370129316,
            20.819570832161006,
            146.2902883628955,
            194871.3443421129
        ],
        [
            32.90843974099989,
            867.8251339248525,
            348.80176758866463,
            -21921.230795826097
        ],
        [
            0.23105819494360597,
            -0.07733758667071486,
            0.9698613345408468,
            -9.3776745403839
        ]
    ]
}