{
    "P1": [
        [
            886.8253957571119,
            0.0,
            361.0120882406369,
            0.0
        ],
        [
            0.0,
            886.9126881900845,
            282.5763567402639,
            0.0
        ],
        [
            0.0,
            0.0,
            1.0,
            0.0
        ]
    ],
    "P2": [
        [
            -117.56829515074818,
            6.4018435614692475,
            963.3779043158639,
            -1133264.397279846
        ],
        [
            -291.9571774854977,
            910.2700940438733,
            58.0776330081676,
            484005.9031420814
        ],
        [
            -0.970372957762872,
            -0.021285884684467477,
            0.24067246198045786,
            1662.4899415563177
        ]
    ],
    "projection_error": 35.20694939875118
}