{
    "P1": [
        [
            875.8596021191805,
            0.0,
            338.0656754641698,
            0.0
        ],
        [
            0.0,
            877.1482934676726,
            379.05680284067347,
            0.0
        ],
        [
            0.0,
            0.0,
            1.0,
            0.0
        ]
    ],
    "P2": [
        [
            434.98782784490163,
            -96.89364979854011,
            857.9924575882116,
            -641419.5741078375
        ],
        [
            -190.06483200524278,
            872.9951149447462,
            300.0740316099725,
            66082.11204145983
        ],
        [
            -0.676660316790198,
            -0.09555293165079705,
            0.7300688001375808,
            235.98771163382986
        ]
    ],
    "projection_error": 2.2779160990039355
}