{
    "P1": [
        [
            885.8835655527171,
            0.0,
            369.55764566075544,
            0.0
        ],
        [
            0.0,
            886.3079129887166,
            293.65599571823526,
            0.0
        ],
        [
            0.0,
            0.0,
            1.0,
            0.0
        ]
    ],
    "P2": [
        [
            817.745249459151,
            9.02099483869922,
            -348.169884217524,
            857825.6661331304
        ],
        [
            197.2200175451921,
            846.0918190680493,
            205.1820964215794,
            102378.27088671204
        ],
        [
            0.6895809563888928,
            0.03268667555808704,
            0.7234705839401768,
            324.7096843955676
        ]
    ],
    "projection_error": 1.1865554094832502
}