{
    "P1": [
        [
            888.5857745510916,
            0.0,
            364.40602403151564,
            0.0
        ],
        [
            0.0,
            888.2601786188826,
            283.5843305427029,
            0.0
        ],
        [
            0.0,
            0.0,
            1.0,
            0.0
        ]
    ],
    "P2": [
        [
            369.947308211406,
            -0.7443583231450619,
            888.8237986086078,
            -1231362.312532784
        ],
        [
            -197.07423073089024,
            888.6684620106774,
            206.8215790759879,
            168193.9858356362
        ],
        [
            -0.7003106569161867,
            0.009138135079563254,
            0.7137797127243719,
            638.3649943770728
        ]
    ],
    "projection_error": 0.14536246728249025
}