{
    "P1": [
        [
            395.602859336101,
            0.0,
            361.30534060653827,
            0.0
        ],
        [
            0.0,
            379.33526712297606,
            355.32379136442984,
            0.0
        ],
        [
            0.0,
            0.0,
            1.0,
            0.0
        ]
    ],
    "P2": [
        [
            690.3322989902877,
            150.66041131655143,
            -789.7981285692631,
            562147.7030381319
        ],
        [
            261.51472632413123,
            1026.556627471201,
            181.89510288874988,
            296569.68606029684
        ],
        [
            0.992442701177898,
            0.038126763625697606,
            0.11663547819659202,
            1160.534315632163
        ]
    ],
    "projection_error": 7.58389
}