{
    "P1": [
        [
            849.8253100587065,
            0.0,
            345.3994799730293,
            0.0
        ],
        [
            0.0,
            850.2962501892439,
            278.3822283108319,
            0.0
        ],
        [
            0.0,
            0.0,
            1.0,
            0.0
        ]
    ],
    "P2": [
        [
            499.3489702925275,
            -0.331821426565556,
            800.4326694733604,
            -715178.0724985503
        ],
        [
            -152.95735842144626,
            850.3593662033261,
            240.62472263091578,
            74565.51928263187
        ],
        [
            -0.5352645539366598,
            -0.0017954978202958554,
            0.8446825637401105,
            270.2191448812873
        ]
    ],
    "projection_error": 1.2922828165380782
}