{
    "P1": [
        [
            621.3893419972762,
            0.0,
            357.2056655338771,
            0.0
        ],
        [
            0.0,
            621.6811835428131,
            260.18905902529787,
            0.0
        ],
        [
            0.0,
            0.0,
            1.0,
            0.0
        ]
    ],
    "P2": [
        [
            -78.29414367903118,
            -6.0792127706278976,
            532.9632898685893,
            -765735.3303552462
        ],
        [
            -299.9672505381378,
            352.17492242720186,
            140.6675691480161,
            -87443.85182098951
        ],
        [
            -0.8315677337887815,
            -0.14495056588113894,
            0.5361757525029714,
            -212.35629953764493
        ]
    ],
    "projection_error": 7.315933237484811
}