{
    "P1": [
        [
            889.9940986892497,
            0.0,
            367.1176104849776,
            0.0
        ],
        [
            0.0,
            890.2835460040498,
            282.7125100955561,
            0.0
        ],
        [
            0.0,
            0.0,
            1.0,
            0.0
        ]
    ],
    "P2": [
        [
            371.4494422430703,
            2.2716511482841604,
            889.3864237818434,
            -1103837.101608323
        ],
        [
            -198.87415085323283,
            887.8947430172537,
            203.46238620799923,
            154761.56053658784
        ],
        [
            -0.6978394433172267,
            0.004802356142118767,
            0.7162381229215514,
            571.1594503508369
        ]
    ],
    "projection_error": 0.8707866677977493
}