{
    "P1": [
        [
            875.2268694670515,
            0.0,
            350.92963264886873,
            0.0
        ],
        [
            0.0,
            874.8494894532989,
            273.66883148662697,
            0.0
        ],
        [
            0.0,
            0.0,
            1.0,
            0.0
        ]
    ],
    "P2": [
        [
            375.8545638666507,
            10.975056675384849,
            886.1076414281883,
            -1200950.805375894
        ],
        [
            -196.6483396669205,
            894.076773240642,
            195.57382093366007,
            178616.453113951
        ],
        [
            -0.6995754033076447,
            0.019800347323373532,
            0.7142843980746185,
            683.864049852641
        ]
    ],
    "projection_error": 0.6836629992546921
}