{
    "P1": [
        [
            870.5253958719697,
            0.0,
            384.89554099078657,
            0.0
        ],
        [
            0.0,
            869.3311568569281,
            291.39348628706426,
            0.0
        ],
        [
            0.0,
            0.0,
            1.0,
            0.0
        ]
    ],
    "P2": [
        [
            932.2577427073818,
            2.378717837097386,
            150.23990112814684,
            954272.6264538021
        ],
        [
            62.250451763229734,
            874.6214457115651,
            282.3940384120749,
            41660.27905068333
        ],
        [
            0.2229468882125184,
            0.000286513232573715,
            0.9748305508889852,
            144.53369147681096
        ]
    ],
    "projection_error": 0.24080419944545847
}