{
    "P1": [
        [
            889.1098138362349,
            0.0,
            364.84227502505314,
            0.0
        ],
        [
            0.0,
            888.6466406608384,
            289.15955718174024,
            0.0
        ],
        [
            0.0,
            0.0,
            1.0,
            0.0
        ]
    ],
    "P2": [
        [
            353.2511585367486,
            -9.454994209437416,
            878.6811091336375,
            -1229204.2472350614
        ],
        [
            -192.5487395583307,
            858.5922030441026,
            214.17108137949964,
            141433.4927577488
        ],
        [
            -0.6880731934923423,
            -0.004559172759612812,
            0.7256269663821747,
            545.7829911369403
        ]
    ],
    "projection_error": 0.6379911324018918
}